Run,ReleaseDate,LoadDate,spots,bases,spots_with_mates,avgLength,size_MB,AssemblyName,download_path,Experiment,LibraryName,LibraryStrategy,LibrarySelection,LibrarySource,LibraryLayout,InsertSize,InsertDev,Platform,Model,SRAStudy,BioProject,Study_Pubmed_id,ProjectID,Sample,BioSample,SampleType,TaxID,ScientificName,SampleName,g1k_pop_code,source,g1k_analysis_group,Subject_ID,Sex,Disease,Tumor,Affection_Status,Analyte_Type,Histological_Type,Body_Site,CenterName,Submission,dbgap_study_accession,Consent,RunHash,ReadHash
SRR4305577,2016-12-09 15:56:32,2016-09-29 16:29:43,4000000,200000000,0,50,73,,https://sra-downloadb.be-md.ncbi.nlm.nih.gov/sos12/sra-pub-zq-1211/SRR004/305/SRR4305577/SRR4305577.sralite.1,SRX2199841,,RNA-Seq,cDNA,TRANSCRIPTOMIC,SINGLE,0,0,ILLUMINA,Illumina HiSeq 2000,SRP090633,PRJNA344898,2,344898,SRS1719628,SAMN05852473,simple,9606,Homo sapiens,GSM2332515,,,,,,,no,,,,,GEO,SRA481033,,public,19E4F81D47002D8AEC93BB0B645A436E,439A8474882912B506D7CEB99B04CC10
SRR4305578,2016-12-09 15:56:32,2016-09-29 16:29:56,4000000,200000000,0,50,73,,https://sra-downloadb.be-md.ncbi.nlm.nih.gov/sos12/sra-pub-zq-1211/SRR004/305/SRR4305578/SRR4305578.sralite.1,SRX2199841,,RNA-Seq,cDNA,TRANSCRIPTOMIC,SINGLE,0,0,ILLUMINA,Illumina HiSeq 2000,SRP090633,PRJNA344898,2,344898,SRS1719628,SAMN05852473,simple,9606,Homo sapiens,GSM2332515,,,,,,,no,,,,,GEO,SRA481033,,public,46D4ADF0EB96FF50F14D447AF1770F76,879753D66B6F7A81B64C6033C217FA9B
SRR4305579,2016-12-09 15:56:32,2016-09-29 16:29:52,4000000,200000000,0,50,77,,https://sra-downloadb.be-md.ncbi.nlm.nih.gov/sos12/sra-pub-zq-1214/SRR004/305/SRR4305579.sralite.1,SRX2199841,,RNA-Seq,cDNA,TRANSCRIPTOMIC,SINGLE,0,0,ILLUMINA,Illumina HiSeq 2000,SRP090633,PRJNA344898,2,344898,SRS1719628,SAMN05852473,simple,9606,Homo sapiens,GSM2332515,,,,,,,no,,,,,GEO,SRA481033,,public,AD75ED76A7B1BE782A73A83556FCE25A,31E1C3D15FBB1BBCDA2F0E24F138396B
SRR4305580,2016-12-09 15:56:32,2016-09-29 16:29:45,3427667,171383350,0,50,63,,https://sra-downloadb.be-md.ncbi.nlm.nih.gov/sos12/sra-pub-zq-1214/SRR004/305/SRR4305580.sralite.1,SRX2199841,,RNA-Seq,cDNA,TRANSCRIPTOMIC,SINGLE,0,0,ILLUMINA,Illumina HiSeq 2000,SRP090633,PRJNA344898,2,344898,SRS1719628,SAMN05852473,simple,9606,Homo sapiens,GSM2332515,,,,,,,no,,,,,GEO,SRA481033,,public,B3A30040AF0F635A42CCA089B215D7B3,B8F659E80F7934C6586775B3E27C03E6
SRR4305581,2016-12-09 15:56:32,2016-09-29 16:29:52,4000000,200000000,0,50,73,,https://sra-downloadb.be-md.ncbi.nlm.nih.gov/sos12/sra-pub-zq-1211/SRR004/305/SRR4305581/SRR4305581.sralite.1,SRX2199842,,RNA-Seq,cDNA,TRANSCRIPTOMIC,SINGLE,0,0,ILLUMINA,Illumina HiSeq 2000,SRP090633,PRJNA344898,2,344898,SRS1719629,SAMN05852472,simple,9606,Homo sapiens,GSM2332516,,,,,,,no,,,,,GEO,SRA481033,,public,B31F4903C99C8893F71C77AEB685065D,601C352E3239239DF4739A366C7D0857
SRR4305582,2016-12-09 15:56:32,2016-09-29 16:30:13,4000000,200000000,0,50,74,,https://sra-downloadb.be-md.ncbi.nlm.nih.gov/sos12/sra-pub-zq-1211/SRR004/305/SRR4305582/SRR4305582.sralite.1,SRX2199842,,RNA-Seq,cDNA,TRANSCRIPTOMIC,SINGLE,0,0,ILLUMINA,Illumina HiSeq 2000,SRP090633,PRJNA344898,2,344898,SRS1719629,SAMN05852472,simple,9606,Homo sapiens,GSM2332516,,,,,,,no,,,,,GEO,SRA481033,,public,B647D39A3DD00E7B4108130890AF249E,56DB862E122E817728394D82946A14FC
SRR4305583,2016-12-09 15:56:32,2016-09-29 16:30:08,4000000,200000000,0,50,75,,https://sra-downloadb.be-md.ncbi.nlm.nih.gov/sos12/sra-pub-zq-1211/SRR004/305/SRR4305583/SRR4305583.sralite.1,SRX2199842,,RNA-Seq,cDNA,TRANSCRIPTOMIC,SINGLE,0,0,ILLUMINA,Illumina HiSeq 2000,SRP090633,PRJNA344898,2,344898,SRS1719629,SAMN05852472,simple,9606,Homo sapiens,GSM2332516,,,,,,,no,,,,,GEO,SRA481033,,public,85CC843BD1D4ED103BE721AD56B23E90,1951FF9AA31DF63435631D2ABD7C11A7
SRR4305584,2016-12-09 15:56:32,2016-09-29 16:29:35,1518514,75925700,0,50,28,,https://sra-downloadb.be-md.ncbi.nlm.nih.gov/sos12/sra-pub-zq-1214/SRR004/305/SRR4305584.sralite.1,SRX2199842,,RNA-Seq,cDNA,TRANSCRIPTOMIC,SINGLE,0,0,ILLUMINA,Illumina HiSeq 2000,SRP090633,PRJNA344898,2,344898,SRS1719629,SAMN05852472,simple,9606,Homo sapiens,GSM2332516,,,,,,,no,,,,,GEO,SRA481033,,public,450BA3A06144B658631957E6E4BB7E7D,BA35FA7AAF1ED08AE6733CD3C48091E0
SRR4305585,2016-12-09 15:56:32,2016-09-29 16:30:02,4000000,200000000,0,50,72,,https://sra-downloadb.be-md.ncbi.nlm.nih.gov/sos12/sra-pub-zq-1211/SRR004/305/SRR4305585/SRR4305585.sralite.1,SRX2199843,,RNA-Seq,cDNA,TRANSCRIPTOMIC,SINGLE,0,0,ILLUMINA,Illumina HiSeq 2000,SRP090633,PRJNA344898,2,344898,SRS1719631,SAMN05852471,simple,9606,Homo sapiens,GSM2332517,,,,,,,no,,,,,GEO,SRA481033,,public,404FD6379CE4BD96644112516D42E1F7,F47E1F13A3150732FB378BDDA18A2A2A
SRR4305586,2016-12-09 15:56:32,2016-09-29 16:30:14,4000000,200000000,0,50,73,,https://sra-downloadb.be-md.ncbi.nlm.nih.gov/sos12/sra-pub-zq-1211/SRR004/305/SRR4305586/SRR4305586.sralite.1,SRX2199843,,RNA-Seq,cDNA,TRANSCRIPTOMIC,SINGLE,0,0,ILLUMINA,Illumina HiSeq 2000,SRP090633,PRJNA344898,2,344898,SRS1719631,SAMN05852471,simple,9606,Homo sapiens,GSM2332517,,,,,,,no,,,,,GEO,SRA481033,,public,68D5CDFFAEFB8CC0FA80C82555B12681,62840FECB13D0F05079500C9A4015FFA
SRR4305587,2016-12-09 15:56:32,2016-09-29 16:30:15,4000000,200000000,0,50,76,,https://sra-downloadb.be-md.ncbi.nlm.nih.gov/sos12/sra-pub-zq-1214/SRR004/305/SRR4305587.sralite.1,SRX2199843,,RNA-Seq,cDNA,TRANSCRIPTOMIC,SINGLE,0,0,ILLUMINA,Illumina HiSeq 2000,SRP090633,PRJNA344898,2,344898,SRS1719631,SAMN05852471,simple,9606,Homo sapiens,GSM2332517,,,,,,,no,,,,,GEO,SRA481033,,public,D4378EF8455D0A99355DCBE85D583E12,A6894881FC8C14516B6702A0B09F1C42
SRR4305588,2016-12-09 15:56:32,2016-09-29 16:29:43,2691071,134553550,0,50,49,,https://sra-downloadb.be-md.ncbi.nlm.nih.gov/sos12/sra-pub-zq-1211/SRR004/305/SRR4305588/SRR4305588.sralite.1,SRX2199843,,RNA-Seq,cDNA,TRANSCRIPTOMIC,SINGLE,0,0,ILLUMINA,Illumina HiSeq 2000,SRP090633,PRJNA344898,2,344898,SRS1719631,SAMN05852471,simple,9606,Homo sapiens,GSM2332517,,,,,,,no,,,,,GEO,SRA481033,,public,06112E9400879D45C3A6776531DA0279,220A78AA9315DF4B655E140CDA11CD80
SRR4305589,2016-12-09 15:56:32,2016-09-29 16:30:28,4000000,200000000,0,50,73,,https://sra-downloadb.be-md.ncbi.nlm.nih.gov/sos12/sra-pub-zq-1214/SRR004/305/SRR4305589.sralite.1,SRX2199844,,RNA-Seq,cDNA,TRANSCRIPTOMIC,SINGLE,0,0,ILLUMINA,Illumina HiSeq 2000,SRP090633,PRJNA344898,2,344898,SRS1719630,SAMN05852468,simple,9606,Homo sapiens,GSM2332518,,,,,,,no,,,,,GEO,SRA481033,,public,E42D35C4D7A4DF29E86448BD72368410,81289E20BE316120B789A1806C4B03E9
SRR4305590,2016-12-09 15:56:32,2016-09-29 16:30:30,4000000,200000000,0,50,73,,https://sra-downloadb.be-md.ncbi.nlm.nih.gov/sos12/sra-pub-zq-1211/SRR004/305/SRR4305590/SRR4305590.sralite.1,SRX2199844,,RNA-Seq,cDNA,TRANSCRIPTOMIC,SINGLE,0,0,ILLUMINA,Illumina HiSeq 2000,SRP090633,PRJNA344898,2,344898,SRS1719630,SAMN05852468,simple,9606,Homo sapiens,GSM2332518,,,,,,,no,,,,,GEO,SRA481033,,public,3243D886970D7ABC0B5685DF8BB0AF5C,B562EF543864528DAA5FB825191D7710
SRR4305591,2016-12-09 15:56:32,2016-09-29 16:30:11,4000000,200000000,0,50,77,,https://sra-downloadb.be-md.ncbi.nlm.nih.gov/sos12/sra-pub-zq-1214/SRR004/305/SRR4305591.sralite.1,SRX2199844,,RNA-Seq,cDNA,TRANSCRIPTOMIC,SINGLE,0,0,ILLUMINA,Illumina HiSeq 2000,SRP090633,PRJNA344898,2,344898,SRS1719630,SAMN05852468,simple,9606,Homo sapiens,GSM2332518,,,,,,,no,,,,,GEO,SRA481033,,public,2D5B0A00A25005AB202615E1FE32A0DF,1BDE7E35073546BD8D689B902D4AE6F1
SRR4305592,2016-12-09 15:56:32,2016-09-29 16:30:20,3176080,158804000,0,50,58,,https://sra-downloadb.be-md.ncbi.nlm.nih.gov/sos12/sra-pub-zq-1211/SRR004/305/SRR4305592/SRR4305592.sralite.1,SRX2199844,,RNA-Seq,cDNA,TRANSCRIPTOMIC,SINGLE,0,0,ILLUMINA,Illumina HiSeq 2000,SRP090633,PRJNA344898,2,344898,SRS1719630,SAMN05852468,simple,9606,Homo sapiens,GSM2332518,,,,,,,no,,,,,GEO,SRA481033,,public,BAC77B1197540B3CA79BBB5631C0237A,6F1E8497B16F41064758AB1792B00B3B
SRR4305593,2016-12-09 15:56:32,2016-09-29 16:30:51,4000000,200000000,0,50,72,,https://sra-downloadb.be-md.ncbi.nlm.nih.gov/sos12/sra-pub-zq-1214/SRR004/305/SRR4305593.sralite.1,SRX2199845,,RNA-Seq,cDNA,TRANSCRIPTOMIC,SINGLE,0,0,ILLUMINA,Illumina HiSeq 2000,SRP090633,PRJNA344898,2,344898,SRS1719633,SAMN05852467,simple,9606,Homo sapiens,GSM2332519,,,,,,,no,,,,,GEO,SRA481033,,public,C0099324A0C5C937FFAA0842ACE9AD88,3B0867AE1DC1C9DE4145020503DF0BB3
SRR4305594,2016-12-09 15:56:32,2016-09-29 16:30:15,4000000,200000000,0,50,73,,https://sra-downloadb.be-md.ncbi.nlm.nih.gov/sos12/sra-pub-zq-1214/SRR004/305/SRR4305594.sralite.1,SRX2199845,,RNA-Seq,cDNA,TRANSCRIPTOMIC,SINGLE,0,0,ILLUMINA,Illumina HiSeq 2000,SRP090633,PRJNA344898,2,344898,SRS1719633,SAMN05852467,simple,9606,Homo sapiens,GSM2332519,,,,,,,no,,,,,GEO,SRA481033,,public,462225A99E4F50EB07C9DFFA5CEDE3F1,9CA27015205EAF3780254415D48A51BB
SRR4305595,2016-12-09 15:56:32,2016-09-29 16:30:17,4000000,200000000,0,50,75,,https://sra-downloadb.be-md.ncbi.nlm.nih.gov/sos12/sra-pub-zq-1214/SRR004/305/SRR4305595.sralite.1,SRX2199845,,RNA-Seq,cDNA,TRANSCRIPTOMIC,SINGLE,0,0,ILLUMINA,Illumina HiSeq 2000,SRP090633,PRJNA344898,2,344898,SRS1719633,SAMN05852467,simple,9606,Homo sapiens,GSM2332519,,,,,,,no,,,,,GEO,SRA481033,,public,F98E54C87081E8D0AD75280F6B8C48E2,FE427991C8D65096FB46B30630854E17
SRR4305596,2016-12-09 15:56:32,2016-09-29 16:29:56,1978280,98914000,0,50,36,,https://sra-downloadb.be-md.ncbi.nlm.nih.gov/sos12/sra-pub-zq-1214/SRR004/305/SRR4305596.sralite.1,SRX2199845,,RNA-Seq,cDNA,TRANSCRIPTOMIC,SINGLE,0,0,ILLUMINA,Illumina HiSeq 2000,SRP090633,PRJNA344898,2,344898,SRS1719633,SAMN05852467,simple,9606,Homo sapiens,GSM2332519,,,,,,,no,,,,,GEO,SRA481033,,public,3DACD3B5B364F097A2EAE772FA859E01,1638A994A8A581711836738F065D24E9
SRR4305597,2016-12-09 15:56:32,2016-09-29 16:30:26,4000000,200000000,0,50,73,,https://sra-downloadb.be-md.ncbi.nlm.nih.gov/sos12/sra-pub-zq-1214/SRR004/305/SRR4305597.sralite.1,SRX2199846,,RNA-Seq,cDNA,TRANSCRIPTOMIC,SINGLE,0,0,ILLUMINA,Illumina HiSeq 2000,SRP090633,PRJNA344898,2,344898,SRS1719632,SAMN05852466,simple,9606,Homo sapiens,GSM2332520,,,,,,,no,,,,,GEO,SRA481033,,public,D72E1BCE019AE9314013ED0BA3AE5415,99A5412E1302A6D47C460033FCBD0866
SRR4305598,2016-12-09 15:56:32,2016-09-29 16:30:47,4000000,200000000,0,50,74,,https://sra-downloadb.be-md.ncbi.nlm.nih.gov/sos12/sra-pub-zq-1211/SRR004/305/SRR4305598/SRR4305598.sralite.1,SRX2199846,,RNA-Seq,cDNA,TRANSCRIPTOMIC,SINGLE,0,0,ILLUMINA,Illumina HiSeq 2000,SRP090633,PRJNA344898,2,344898,SRS1719632,SAMN05852466,simple,9606,Homo sapiens,GSM2332520,,,,,,,no,,,,,GEO,SRA481033,,public,60D15DCA24FBBFFEF380FC5427347429,F2B9442D64D4671FDDB3D3CAD3F5C863
SRR4305599,2016-12-09 15:56:32,2016-09-29 16:30:41,4000000,200000000,0,50,76,,https://sra-downloadb.be-md.ncbi.nlm.nih.gov/sos12/sra-pub-zq-1211/SRR004/305/SRR4305599/SRR4305599.sralite.1,SRX2199846,,RNA-Seq,cDNA,TRANSCRIPTOMIC,SINGLE,0,0,ILLUMINA,Illumina HiSeq 2000,SRP090633,PRJNA344898,2,344898,SRS1719632,SAMN05852466,simple,9606,Homo sapiens,GSM2332520,,,,,,,no,,,,,GEO,SRA481033,,public,1F36871EE70B006BF66FBE35F62652B6,5742A0512999C7589CB0A3685374B6F4
SRR4305600,2016-12-09 15:56:32,2016-09-29 16:30:04,2599640,129982000,0,50,48,,https://sra-downloadb.be-md.ncbi.nlm.nih.gov/sos12/sra-pub-zq-1211/SRR004/305/SRR4305600/SRR4305600.sralite.1,SRX2199846,,RNA-Seq,cDNA,TRANSCRIPTOMIC,SINGLE,0,0,ILLUMINA,Illumina HiSeq 2000,SRP090633,PRJNA344898,2,344898,SRS1719632,SAMN05852466,simple,9606,Homo sapiens,GSM2332520,,,,,,,no,,,,,GEO,SRA481033,,public,1D1DA10952CBDC3912BC3C1A86D786FB,4436F0DAFFFFBC0D9126325FA935F057
SRR4305601,2016-12-09 15:56:32,2016-09-29 16:30:31,4000000,200000000,0,50,73,,https://sra-downloadb.be-md.ncbi.nlm.nih.gov/sos12/sra-pub-zq-1211/SRR004/305/SRR4305601/SRR4305601.sralite.1,SRX2199847,,RNA-Seq,cDNA,TRANSCRIPTOMIC,SINGLE,0,0,ILLUMINA,Illumina HiSeq 2000,SRP090633,PRJNA344898,2,344898,SRS1719635,SAMN05852465,simple,9606,Homo sapiens,GSM2332521,,,,,,,no,,,,,GEO,SRA481033,,public,D9F9CC8E841C154C5A0C6248FF68DFE9,79378509679D3D99E10DA061A2F5DCAD
SRR4305602,2016-12-09 15:56:32,2016-09-29 16:30:27,4000000,200000000,0,50,76,,https://sra-downloadb.be-md.ncbi.nlm.nih.gov/sos12/sra-pub-zq-1211/SRR004/305/SRR4305602/SRR4305602.sralite.1,SRX2199847,,RNA-Seq,cDNA,TRANSCRIPTOMIC,SINGLE,0,0,ILLUMINA,Illumina HiSeq 2000,SRP090633,PRJNA344898,2,344898,SRS1719635,SAMN05852465,simple,9606,Homo sapiens,GSM2332521,,,,,,,no,,,,,GEO,SRA481033,,public,4CF84B61A90288CDA6257B5D81B4F712,F7537C7B5BF0D7813E7BDA6BF122D75B
SRR4305603,2016-12-09 15:56:32,2016-09-29 16:29:59,2515177,125758850,0,50,46,,https://sra-downloadb.be-md.ncbi.nlm.nih.gov/sos12/sra-pub-zq-1214/SRR004/305/SRR4305603.sralite.1,SRX2199847,,RNA-Seq,cDNA,TRANSCRIPTOMIC,SINGLE,0,0,ILLUMINA,Illumina HiSeq 2000,SRP090633,PRJNA344898,2,344898,SRS1719635,SAMN05852465,simple,9606,Homo sapiens,GSM2332521,,,,,,,no,,,,,GEO,SRA481033,,public,AD7B7D2E2528BFA6BE348ADAE60A960B,558BE4F839821DFB45A0DB5F04548C2A
SRR4305604,2016-12-09 15:56:32,2016-09-29 16:30:25,4000000,200000000,0,50,73,,https://sra-downloadb.be-md.ncbi.nlm.nih.gov/sos12/sra-pub-zq-1214/SRR004/305/SRR4305604.sralite.1,SRX2199848,,RNA-Seq,cDNA,TRANSCRIPTOMIC,SINGLE,0,0,ILLUMINA,Illumina HiSeq 2000,SRP090633,PRJNA344898,2,344898,SRS1719634,SAMN05852464,simple,9606,Homo sapiens,GSM2332522,,,,,,,no,,,,,GEO,SRA481033,,public,2308E3E49B8FCC53CE851DAB6B7DAF02,601AFAC33088F19C08FB4DF263A416CF
SRR4305605,2016-12-09 15:56:32,2016-09-29 16:30:30,4000000,200000000,0,50,76,,https://sra-downloadb.be-md.ncbi.nlm.nih.gov/sos12/sra-pub-zq-1211/SRR004/305/SRR4305605/SRR4305605.sralite.1,SRX2199848,,RNA-Seq,cDNA,TRANSCRIPTOMIC,SINGLE,0,0,ILLUMINA,Illumina HiSeq 2000,SRP090633,PRJNA344898,2,344898,SRS1719634,SAMN05852464,simple,9606,Homo sapiens,GSM2332522,,,,,,,no,,,,,GEO,SRA481033,,public,71AAB5E65962EE37007BD6BD1DA67B42,D305320BA568DB82447BD2E418C72C5F
SRR4305606,2016-12-09 15:56:32,2016-09-29 16:30:49,2172115,108605750,0,50,40,,https://sra-downloadb.be-md.ncbi.nlm.nih.gov/sos12/sra-pub-zq-1214/SRR004/305/SRR4305606.sralite.1,SRX2199848,,RNA-Seq,cDNA,TRANSCRIPTOMIC,SINGLE,0,0,ILLUMINA,Illumina HiSeq 2000,SRP090633,PRJNA344898,2,344898,SRS1719634,SAMN05852464,simple,9606,Homo sapiens,GSM2332522,,,,,,,no,,,,,GEO,SRA481033,,public,F1197AD843C1548997BEA5DD13C40E17,07A531D29DC8120A34424745A4B57F74
SRR4305607,2016-12-09 15:56:32,2016-09-29 16:30:21,4000000,200000000,0,50,74,,https://sra-downloadb.be-md.ncbi.nlm.nih.gov/sos12/sra-pub-zq-1211/SRR004/305/SRR4305607/SRR4305607.sralite.1,SRX2199849,,RNA-Seq,cDNA,TRANSCRIPTOMIC,SINGLE,0,0,ILLUMINA,Illumina HiSeq 2000,SRP090633,PRJNA344898,2,344898,SRS1719636,SAMN05852463,simple,9606,Homo sapiens,GSM2332523,,,,,,,no,,,,,GEO,SRA481033,,public,1A1A6C49AF50504EC7C72E6D1B07BF36,39379067D6806FF5F31FABD7376A03B9
SRR4305608,2016-12-09 15:56:32,2016-09-29 16:30:21,4000000,200000000,0,50,74,,https://sra-downloadb.be-md.ncbi.nlm.nih.gov/sos12/sra-pub-zq-1214/SRR004/305/SRR4305608.sralite.1,SRX2199849,,RNA-Seq,cDNA,TRANSCRIPTOMIC,SINGLE,0,0,ILLUMINA,Illumina HiSeq 2000,SRP090633,PRJNA344898,2,344898,SRS1719636,SAMN05852463,simple,9606,Homo sapiens,GSM2332523,,,,,,,no,,,,,GEO,SRA481033,,public,B33F2E775539DFC4ABA1E74338087CEC,8CC77119C5E7E86CA3D3AA0E831E61FD
SRR4305609,2016-12-09 15:56:32,2016-09-29 16:30:19,4000000,200000000,0,50,74,,https://sra-downloadb.be-md.ncbi.nlm.nih.gov/sos12/sra-pub-zq-1214/SRR004/305/SRR4305609.sralite.1,SRX2199849,,RNA-Seq,cDNA,TRANSCRIPTOMIC,SINGLE,0,0,ILLUMINA,Illumina HiSeq 2000,SRP090633,PRJNA344898,2,344898,SRS1719636,SAMN05852463,simple,9606,Homo sapiens,GSM2332523,,,,,,,no,,,,,GEO,SRA481033,,public,8C1F717E2E32E83A69B9B8ACBBC4E8D7,F6C691ED2B591FE67CD52E5C48505E1A
SRR4305610,2016-12-09 15:56:32,2016-09-29 16:29:51,1527999,76399950,0,50,29,,https://sra-downloadb.be-md.ncbi.nlm.nih.gov/sos12/sra-pub-zq-1211/SRR004/305/SRR4305610/SRR4305610.sralite.1,SRX2199849,,RNA-Seq,cDNA,TRANSCRIPTOMIC,SINGLE,0,0,ILLUMINA,Illumina HiSeq 2000,SRP090633,PRJNA344898,2,344898,SRS1719636,SAMN05852463,simple,9606,Homo sapiens,GSM2332523,,,,,,,no,,,,,GEO,SRA481033,,public,7F28B6F1BD46EADB894455FF4E88A9FD,8C51A9908FB5DAB2C82412DC8180F072
SRR4305611,2016-12-09 15:56:32,2016-09-29 16:30:20,4000000,200000000,0,50,74,,https://sra-downloadb.be-md.ncbi.nlm.nih.gov/sos12/sra-pub-zq-1214/SRR004/305/SRR4305611.sralite.1,SRX2199850,,RNA-Seq,cDNA,TRANSCRIPTOMIC,SINGLE,0,0,ILLUMINA,Illumina HiSeq 2000,SRP090633,PRJNA344898,2,344898,SRS1719637,SAMN05852470,simple,9606,Homo sapiens,GSM2332524,,,,,,,no,,,,,GEO,SRA481033,,public,525D738213445381A2F495F9C083DE0B,0691AABF932B44A506222B2A4D242345
SRR4305612,2016-12-09 15:56:32,2016-09-29 16:30:27,4000000,200000000,0,50,74,,https://sra-downloadb.be-md.ncbi.nlm.nih.gov/sos12/sra-pub-zq-1211/SRR004/305/SRR4305612/SRR4305612.sralite.1,SRX2199850,,RNA-Seq,cDNA,TRANSCRIPTOMIC,SINGLE,0,0,ILLUMINA,Illumina HiSeq 2000,SRP090633,PRJNA344898,2,344898,SRS1719637,SAMN05852470,simple,9606,Homo sapiens,GSM2332524,,,,,,,no,,,,,GEO,SRA481033,,public,4EEE3EF572C95EC105C0B5DBB1C35421,93524F7B55D2EB03C47F8F75CDE01703
SRR4305613,2016-12-09 15:56:32,2016-09-29 16:30:29,4000000,200000000,0,50,75,,https://sra-downloadb.be-md.ncbi.nlm.nih.gov/sos12/sra-pub-zq-1214/SRR004/305/SRR4305613.sralite.1,SRX2199850,,RNA-Seq,cDNA,TRANSCRIPTOMIC,SINGLE,0,0,ILLUMINA,Illumina HiSeq 2000,SRP090633,PRJNA344898,2,344898,SRS1719637,SAMN05852470,simple,9606,Homo sapiens,GSM2332524,,,,,,,no,,,,,GEO,SRA481033,,public,50DBA8F526266B65693A4985208B88B8,C00EC8EC6D5A3DECB4AC4BAA6266D6E0
SRR4305614,2016-12-09 15:56:32,2016-09-29 16:30:03,2310306,115515300,0,50,43,,https://sra-downloadb.be-md.ncbi.nlm.nih.gov/sos12/sra-pub-zq-1214/SRR004/305/SRR4305614.sralite.1,SRX2199850,,RNA-Seq,cDNA,TRANSCRIPTOMIC,SINGLE,0,0,ILLUMINA,Illumina HiSeq 2000,SRP090633,PRJNA344898,2,344898,SRS1719637,SAMN05852470,simple,9606,Homo sapiens,GSM2332524,,,,,,,no,,,,,GEO,SRA481033,,public,4C4C015A7166FD265B03424F29985BBC,37D26B10E8A24E0DDBAE40A985719EEA
SRR4305615,2016-12-09 15:56:32,2016-09-29 16:31:03,4000000,200000000,0,50,74,,https://sra-downloadb.be-md.ncbi.nlm.nih.gov/sos12/sra-pub-zq-1214/SRR004/305/SRR4305615.sralite.1,SRX2199851,,RNA-Seq,cDNA,TRANSCRIPTOMIC,SINGLE,0,0,ILLUMINA,Illumina HiSeq 2000,SRP090633,PRJNA344898,2,344898,SRS1719639,SAMN05852461,simple,9606,Homo sapiens,GSM2332525,,,,,,,no,,,,,GEO,SRA481033,,public,F26D1CEC333890D4102F557ED4FD8254,E889722AEDDD6C434C2D2F9EA63AF605
SRR4305616,2016-12-09 15:56:32,2016-09-29 16:30:27,4000000,200000000,0,50,74,,https://sra-downloadb.be-md.ncbi.nlm.nih.gov/sos12/sra-pub-zq-1211/SRR004/305/SRR4305616/SRR4305616.sralite.1,SRX2199851,,RNA-Seq,cDNA,TRANSCRIPTOMIC,SINGLE,0,0,ILLUMINA,Illumina HiSeq 2000,SRP090633,PRJNA344898,2,344898,SRS1719639,SAMN05852461,simple,9606,Homo sapiens,GSM2332525,,,,,,,no,,,,,GEO,SRA481033,,public,625A63637745EB2265D442DC6D27D454,4CF971628A85E581C63B92E0430685B0
SRR4305617,2016-12-09 15:56:32,2016-09-29 16:30:46,4000000,200000000,0,50,75,,https://sra-downloadb.be-md.ncbi.nlm.nih.gov/sos12/sra-pub-zq-1211/SRR004/305/SRR4305617/SRR4305617.sralite.1,SRX2199851,,RNA-Seq,cDNA,TRANSCRIPTOMIC,SINGLE,0,0,ILLUMINA,Illumina HiSeq 2000,SRP090633,PRJNA344898,2,344898,SRS1719639,SAMN05852461,simple,9606,Homo sapiens,GSM2332525,,,,,,,no,,,,,GEO,SRA481033,,public,65F7C7E0777E31C973A608E62841C49E,7944359B14339DE72F0731D714936CE8
SRR4305618,2016-12-09 15:56:32,2016-09-29 16:29:58,1472119,73605950,0,50,28,,https://sra-downloadb.be-md.ncbi.nlm.nih.gov/sos12/sra-pub-zq-1214/SRR004/305/SRR4305618.sralite.1,SRX2199851,,RNA-Seq,cDNA,TRANSCRIPTOMIC,SINGLE,0,0,ILLUMINA,Illumina HiSeq 2000,SRP090633,PRJNA344898,2,344898,SRS1719639,SAMN05852461,simple,9606,Homo sapiens,GSM2332525,,,,,,,no,,,,,GEO,SRA481033,,public,12242DD73C28035C7DE2455C039C7A03,F3D451038BA8BC2879E168BCFB84683F
SRR4305619,2016-12-09 15:56:32,2016-09-29 16:30:38,4000000,200000000,0,50,74,,https://sra-downloadb.be-md.ncbi.nlm.nih.gov/sos12/sra-pub-zq-1214/SRR004/305/SRR4305619.sralite.1,SRX2199852,,RNA-Seq,cDNA,TRANSCRIPTOMIC,SINGLE,0,0,ILLUMINA,Illumina HiSeq 2000,SRP090633,PRJNA344898,2,344898,SRS1719638,SAMN05852475,simple,9606,Homo sapiens,GSM2332526,,,,,,,no,,,,,GEO,SRA481033,,public,49C07FF5F8647EE009AAD37539C66568,764B0715126E834AE2F3531D9E670D91
SRR4305620,2016-12-09 15:56:32,2016-09-29 16:30:33,4000000,200000000,0,50,74,,https://sra-downloadb.be-md.ncbi.nlm.nih.gov/sos12/sra-pub-zq-1211/SRR004/305/SRR4305620/SRR4305620.sralite.1,SRX2199852,,RNA-Seq,cDNA,TRANSCRIPTOMIC,SINGLE,0,0,ILLUMINA,Illumina HiSeq 2000,SRP090633,PRJNA344898,2,344898,SRS1719638,SAMN05852475,simple,9606,Homo sapiens,GSM2332526,,,,,,,no,,,,,GEO,SRA481033,,public,4424F3EF4DBEAF8E4FC3A7BC0689289F,CEBE1F0CC8D38C877443671649A599DA
SRR4305621,2016-12-09 15:56:32,2016-09-29 16:30:44,4000000,200000000,0,50,74,,https://sra-downloadb.be-md.ncbi.nlm.nih.gov/sos12/sra-pub-zq-1214/SRR004/305/SRR4305621.sralite.1,SRX2199852,,RNA-Seq,cDNA,TRANSCRIPTOMIC,SINGLE,0,0,ILLUMINA,Illumina HiSeq 2000,SRP090633,PRJNA344898,2,344898,SRS1719638,SAMN05852475,simple,9606,Homo sapiens,GSM2332526,,,,,,,no,,,,,GEO,SRA481033,,public,1176D0F9527336B2AF1D50062DDBA775,BC0C23EAC0A38E1AB966A9570DFF8E35
SRR4305622,2016-12-09 15:56:32,2016-09-29 16:29:55,1056383,52819150,0,50,20,,https://sra-downloadb.be-md.ncbi.nlm.nih.gov/sos12/sra-pub-zq-1214/SRR004/305/SRR4305622.sralite.1,SRX2199852,,RNA-Seq,cDNA,TRANSCRIPTOMIC,SINGLE,0,0,ILLUMINA,Illumina HiSeq 2000,SRP090633,PRJNA344898,2,344898,SRS1719638,SAMN05852475,simple,9606,Homo sapiens,GSM2332526,,,,,,,no,,,,,GEO,SRA481033,,public,51B827D898D10115EED4B102CD4E6834,7315EA2976ECD2B7E1502B730739E033
SRR4305623,2016-12-09 15:56:32,2016-09-29 16:30:40,4000000,200000000,0,50,74,,https://sra-downloadb.be-md.ncbi.nlm.nih.gov/sos12/sra-pub-zq-1214/SRR004/305/SRR4305623.sralite.1,SRX2199853,,RNA-Seq,cDNA,TRANSCRIPTOMIC,SINGLE,0,0,ILLUMINA,Illumina HiSeq 2000,SRP090633,PRJNA344898,2,344898,SRS1719641,SAMN05852462,simple,9606,Homo sapiens,GSM2332527,,,,,,,no,,,,,GEO,SRA481033,,public,ABAF3AB233E71318A8154FA1A8A9843D,E3184CFB56DBDF813E4EA4F7060446A0
SRR4305624,2016-12-09 15:56:32,2016-09-29 16:30:43,4000000,200000000,0,50,74,,https://sra-downloadb.be-md.ncbi.nlm.nih.gov/sos12/sra-pub-zq-1211/SRR004/305/SRR4305624/SRR4305624.sralite.1,SRX2199853,,RNA-Seq,cDNA,TRANSCRIPTOMIC,SINGLE,0,0,ILLUMINA,Illumina HiSeq 2000,SRP090633,PRJNA344898,2,344898,SRS1719641,SAMN05852462,simple,9606,Homo sapiens,GSM2332527,,,,,,,no,,,,,GEO,SRA481033,,public,823AF148FDB6A68091D55FA1FA1678DE,7344C2F59140274F648A57637CDAA4B4
SRR4305625,2016-12-09 15:56:32,2016-09-29 16:30:39,4000000,200000000,0,50,74,,https://sra-downloadb.be-md.ncbi.nlm.nih.gov/sos12/sra-pub-zq-1214/SRR004/305/SRR4305625.sralite.1,SRX2199853,,RNA-Seq,cDNA,TRANSCRIPTOMIC,SINGLE,0,0,ILLUMINA,Illumina HiSeq 2000,SRP090633,PRJNA344898,2,344898,SRS1719641,SAMN05852462,simple,9606,Homo sapiens,GSM2332527,,,,,,,no,,,,,GEO,SRA481033,,public,FEC71452849755FC08ECBF6899C6B6D9,D04AF8EDBBDCF22665EC2E5FEF1E41DA
SRR4305626,2016-12-09 15:56:32,2016-09-29 16:29:56,1117875,55893750,0,50,21,,https://sra-downloadb.be-md.ncbi.nlm.nih.gov/sos12/sra-pub-zq-1214/SRR004/305/SRR4305626.sralite.1,SRX2199853,,RNA-Seq,cDNA,TRANSCRIPTOMIC,SINGLE,0,0,ILLUMINA,Illumina HiSeq 2000,SRP090633,PRJNA344898,2,344898,SRS1719641,SAMN05852462,simple,9606,Homo sapiens,GSM2332527,,,,,,,no,,,,,GEO,SRA481033,,public,469B711837788831A43CE4CECF2881AF,A2935ABDD609524910530A15BF2C4FBE
SRR4305627,2016-12-09 15:56:32,2016-09-29 16:30:56,4000000,200000000,0,50,74,,https://sra-downloadb.be-md.ncbi.nlm.nih.gov/sos12/sra-pub-zq-1214/SRR004/305/SRR4305627.sralite.1,SRX2199854,,RNA-Seq,cDNA,TRANSCRIPTOMIC,SINGLE,0,0,ILLUMINA,Illumina HiSeq 2000,SRP090633,PRJNA344898,2,344898,SRS1719640,SAMN05852457,simple,9606,Homo sapiens,GSM2332528,,,,,,,no,,,,,GEO,SRA481033,,public,143E0EC8FBF4F34E35AF2DB58B4DED6E,6BD6EF5347AFFD85A5D70F3E40DAAA2B
SRR4305628,2016-12-09 15:56:32,2016-09-29 16:31:12,4000000,200000000,0,50,75,,https://sra-downloadb.be-md.ncbi.nlm.nih.gov/sos12/sra-pub-zq-1214/SRR004/305/SRR4305628.sralite.1,SRX2199854,,RNA-Seq,cDNA,TRANSCRIPTOMIC,SINGLE,0,0,ILLUMINA,Illumina HiSeq 2000,SRP090633,PRJNA344898,2,344898,SRS1719640,SAMN05852457,simple,9606,Homo sapiens,GSM2332528,,,,,,,no,,,,,GEO,SRA481033,,public,C8CB067FB49589DD7F0A83523A0FE345,2798FCA0455EB98A9E30FA9B8991BD0B
SRR4305629,2016-12-09 15:56:32,2016-09-29 16:31:12,4000000,200000000,0,50,75,,https://sra-downloadb.be-md.ncbi.nlm.nih.gov/sos12/sra-pub-zq-1211/SRR004/305/SRR4305629/SRR4305629.sralite.1,SRX2199854,,RNA-Seq,cDNA,TRANSCRIPTOMIC,SINGLE,0,0,ILLUMINA,Illumina HiSeq 2000,SRP090633,PRJNA344898,2,344898,SRS1719640,SAMN05852457,simple,9606,Homo sapiens,GSM2332528,,,,,,,no,,,,,GEO,SRA481033,,public,25E2AA56E55F415028AD357413709463,2B5809A1BC86CAC06EF5936F43D548AB
SRR4305630,2016-12-09 15:56:32,2016-09-29 16:29:58,133167,6658350,0,50,2,,https://sra-downloadb.be-md.ncbi.nlm.nih.gov/sos12/sra-pub-zq-1214/SRR004/305/SRR4305630.sralite.1,SRX2199854,,RNA-Seq,cDNA,TRANSCRIPTOMIC,SINGLE,0,0,ILLUMINA,Illumina HiSeq 2000,SRP090633,PRJNA344898,2,344898,SRS1719640,SAMN05852457,simple,9606,Homo sapiens,GSM2332528,,,,,,,no,,,,,GEO,SRA481033,,public,61E5195C589C650D7826C7E9F7543E81,DDC5C79695F6210C3FEE99F97CE46795
SRR4305631,2016-12-09 15:56:32,2016-09-29 16:30:50,4000000,200000000,0,50,74,,https://sra-downloadb.be-md.ncbi.nlm.nih.gov/sos12/sra-pub-zq-1211/SRR004/305/SRR4305631/SRR4305631.sralite.1,SRX2199855,,RNA-Seq,cDNA,TRANSCRIPTOMIC,SINGLE,0,0,ILLUMINA,Illumina HiSeq 2000,SRP090633,PRJNA344898,2,344898,SRS1719644,SAMN05852456,simple,9606,Homo sapiens,GSM2332529,,,,,,,no,,,,,GEO,SRA481033,,public,5FCF18FFE2198C7BDFE097106A21788E,D269B9EC169861021A91C32D2B0B6341
SRR4305632,2016-12-09 15:56:32,2016-09-29 16:30:43,4000000,200000000,0,50,74,,https://sra-downloadb.be-md.ncbi.nlm.nih.gov/sos12/sra-pub-zq-1214/SRR004/305/SRR4305632.sralite.1,SRX2199855,,RNA-Seq,cDNA,TRANSCRIPTOMIC,SINGLE,0,0,ILLUMINA,Illumina HiSeq 2000,SRP090633,PRJNA344898,2,344898,SRS1719644,SAMN05852456,simple,9606,Homo sapiens,GSM2332529,,,,,,,no,,,,,GEO,SRA481033,,public,5A59A1DF7DE824E3A3FF75EFE445387B,7A1EE5F6CA96ACFB73DB252BC001193D
SRR4305633,2016-12-09 15:56:32,2016-09-29 16:30:49,4000000,200000000,0,50,75,,https://sra-downloadb.be-md.ncbi.nlm.nih.gov/sos12/sra-pub-zq-1214/SRR004/305/SRR4305633.sralite.1,SRX2199855,,RNA-Seq,cDNA,TRANSCRIPTOMIC,SINGLE,0,0,ILLUMINA,Illumina HiSeq 2000,SRP090633,PRJNA344898,2,344898,SRS1719644,SAMN05852456,simple,9606,Homo sapiens,GSM2332529,,,,,,,no,,,,,GEO,SRA481033,,public,909CC54D9961492E3727C2FBAD3A3F88,DB79FD23F9B1718844DF4E2E1A8B7746
SRR4305634,2016-12-09 15:56:32,2016-09-29 16:30:04,423944,21197200,0,50,8,,https://sra-downloadb.be-md.ncbi.nlm.nih.gov/sos12/sra-pub-zq-1211/SRR004/305/SRR4305634/SRR4305634.sralite.1,SRX2199855,,RNA-Seq,cDNA,TRANSCRIPTOMIC,SINGLE,0,0,ILLUMINA,Illumina HiSeq 2000,SRP090633,PRJNA344898,2,344898,SRS1719644,SAMN05852456,simple,9606,Homo sapiens,GSM2332529,,,,,,,no,,,,,GEO,SRA481033,,public,DF19E03F7C7611140E74844786706F45,661F25CCE2A5F40050A46D16EC2118B9
SRR4305635,2016-12-09 15:56:32,2016-09-29 16:31:31,4000000,200000000,0,50,74,,https://sra-downloadb.be-md.ncbi.nlm.nih.gov/sos12/sra-pub-zq-1211/SRR004/305/SRR4305635/SRR4305635.sralite.1,SRX2199856,,RNA-Seq,cDNA,TRANSCRIPTOMIC,SINGLE,0,0,ILLUMINA,Illumina HiSeq 2000,SRP090633,PRJNA344898,2,344898,SRS1719642,SAMN05852474,simple,9606,Homo sapiens,GSM2332530,,,,,,,no,,,,,GEO,SRA481033,,public,E0D0E212B0DD7E66B27AC25CFC4568BE,0093FCA7409DE641CB2AD1DF8516DC41
SRR4305636,2016-12-09 15:56:32,2016-09-29 16:31:23,4000000,200000000,0,50,74,,https://sra-downloadb.be-md.ncbi.nlm.nih.gov/sos12/sra-pub-zq-1214/SRR004/305/SRR4305636.sralite.1,SRX2199856,,RNA-Seq,cDNA,TRANSCRIPTOMIC,SINGLE,0,0,ILLUMINA,Illumina HiSeq 2000,SRP090633,PRJNA344898,2,344898,SRS1719642,SAMN05852474,simple,9606,Homo sapiens,GSM2332530,,,,,,,no,,,,,GEO,SRA481033,,public,CFFD16C961E5F7325C647A0CB933674D,5AFE2AED5932DF32FCC983B94DD1C19A
SRR4305637,2016-12-09 15:56:32,2016-09-29 16:30:56,4000000,200000000,0,50,75,,https://sra-downloadb.be-md.ncbi.nlm.nih.gov/sos12/sra-pub-zq-1211/SRR004/305/SRR4305637/SRR4305637.sralite.1,SRX2199856,,RNA-Seq,cDNA,TRANSCRIPTOMIC,SINGLE,0,0,ILLUMINA,Illumina HiSeq 2000,SRP090633,PRJNA344898,2,344898,SRS1719642,SAMN05852474,simple,9606,Homo sapiens,GSM2332530,,,,,,,no,,,,,GEO,SRA481033,,public,8EFF491BCFEC90E8F4216B413BD1C79B,D118E09B71598FE80158B435E340944A
SRR4305638,2016-12-09 15:56:32,2016-09-29 16:30:26,1186966,59348300,0,50,22,,https://sra-downloadb.be-md.ncbi.nlm.nih.gov/sos12/sra-pub-zq-1214/SRR004/305/SRR4305638.sralite.1,SRX2199856,,RNA-Seq,cDNA,TRANSCRIPTOMIC,SINGLE,0,0,ILLUMINA,Illumina HiSeq 2000,SRP090633,PRJNA344898,2,344898,SRS1719642,SAMN05852474,simple,9606,Homo sapiens,GSM2332530,,,,,,,no,,,,,GEO,SRA481033,,public,AAFA9E5977BCB804319AFCF2FDC98D5D,AF2946D1BCC5C105D4F4ED22F45EE33C
SRR4305639,2016-12-09 15:56:32,2016-09-29 16:31:03,4000000,200000000,0,50,74,,https://sra-downloadb.be-md.ncbi.nlm.nih.gov/sos12/sra-pub-zq-1211/SRR004/305/SRR4305639/SRR4305639.sralite.1,SRX2199857,,RNA-Seq,cDNA,TRANSCRIPTOMIC,SINGLE,0,0,ILLUMINA,Illumina HiSeq 2000,SRP090633,PRJNA344898,2,344898,SRS1719643,SAMN05852469,simple,9606,Homo sapiens,GSM2332531,,,,,,,no,,,,,GEO,SRA481033,,public,36A7F5DB64A06B594A9DA1B41B468D62,A64B659D43952EC656F0C7677457314D
SRR4305640,2016-12-09 15:56:32,2016-09-29 16:31:12,4000000,200000000,0,50,76,,https://sra-downloadb.be-md.ncbi.nlm.nih.gov/sos12/sra-pub-zq-1214/SRR004/305/SRR4305640.sralite.1,SRX2199857,,RNA-Seq,cDNA,TRANSCRIPTOMIC,SINGLE,0,0,ILLUMINA,Illumina HiSeq 2000,SRP090633,PRJNA344898,2,344898,SRS1719643,SAMN05852469,simple,9606,Homo sapiens,GSM2332531,,,,,,,no,,,,,GEO,SRA481033,,public,6705CEA924CEAEC2662B2139034A0447,936125E5AE9302431A28A2AE7231F21E
SRR4305641,2016-12-09 15:56:32,2016-09-29 16:30:55,2303780,115189000,0,50,43,,https://sra-downloadb.be-md.ncbi.nlm.nih.gov/sos12/sra-pub-zq-1214/SRR004/305/SRR4305641.sralite.1,SRX2199857,,RNA-Seq,cDNA,TRANSCRIPTOMIC,SINGLE,0,0,ILLUMINA,Illumina HiSeq 2000,SRP090633,PRJNA344898,2,344898,SRS1719643,SAMN05852469,simple,9606,Homo sapiens,GSM2332531,,,,,,,no,,,,,GEO,SRA481033,,public,,
SRR4305642,2016-12-09 15:56:32,2016-09-29 16:31:34,4000000,200000000,0,50,74,,https://sra-downloadb.be-md.ncbi.nlm.nih.gov/sos12/sra-pub-zq-1211/SRR004/305/SRR4305642/SRR4305642.sralite.1,SRX2199858,,RNA-Seq,cDNA,TRANSCRIPTOMIC,SINGLE,0,0,ILLUMINA,Illumina HiSeq 2000,SRP090633,PRJNA344898,2,344898,SRS1719645,SAMN05852458,simple,9606,Homo sapiens,GSM2332532,,,,,,,no,,,,,GEO,SRA481033,,public,FA890C6C28F22B0B82B3E9D4658D8E74,44AAD74F87AC96D3AB6492451EDEAD3A
SRR4305643,2016-12-09 15:56:32,2016-09-29 16:31:21,4000000,200000000,0,50,74,,https://sra-downloadb.be-md.ncbi.nlm.nih.gov/sos12/sra-pub-zq-1214/SRR004/305/SRR4305643.sralite.1,SRX2199858,,RNA-Seq,cDNA,TRANSCRIPTOMIC,SINGLE,0,0,ILLUMINA,Illumina HiSeq 2000,SRP090633,PRJNA344898,2,344898,SRS1719645,SAMN05852458,simple,9606,Homo sapiens,GSM2332532,,,,,,,no,,,,,GEO,SRA481033,,public,5D29191142E6293181011B4D0771875F,28AAB0CA7C2583344022F9202043FD9C
SRR4305644,2016-12-09 15:56:32,2016-09-29 16:31:11,4000000,200000000,0,50,75,,https://sra-downloadb.be-md.ncbi.nlm.nih.gov/sos12/sra-pub-zq-1214/SRR004/305/SRR4305644.sralite.1,SRX2199858,,RNA-Seq,cDNA,TRANSCRIPTOMIC,SINGLE,0,0,ILLUMINA,Illumina HiSeq 2000,SRP090633,PRJNA344898,2,344898,SRS1719645,SAMN05852458,simple,9606,Homo sapiens,GSM2332532,,,,,,,no,,,,,GEO,SRA481033,,public,EA1F70C86908175A23145FE0DF8E73F5,82777131A462CFD1926079F0F28A0CA4
SRR4305645,2016-12-09 15:56:32,2016-09-29 16:30:41,1917219,95860950,0,50,36,,https://sra-downloadb.be-md.ncbi.nlm.nih.gov/sos12/sra-pub-zq-1214/SRR004/305/SRR4305645.sralite.1,SRX2199858,,RNA-Seq,cDNA,TRANSCRIPTOMIC,SINGLE,0,0,ILLUMINA,Illumina HiSeq 2000,SRP090633,PRJNA344898,2,344898,SRS1719645,SAMN05852458,simple,9606,Homo sapiens,GSM2332532,,,,,,,no,,,,,GEO,SRA481033,,public,FE10A407BC949393032069066B5CAE0B,7596CC850B61568A052AB5A4970B0071
SRR4305646,2016-12-09 15:56:32,2016-09-29 16:31:13,4000000,200000000,0,50,74,,https://sra-downloadb.be-md.ncbi.nlm.nih.gov/sos12/sra-pub-zq-1214/SRR004/305/SRR4305646.sralite.1,SRX2199859,,RNA-Seq,cDNA,TRANSCRIPTOMIC,SINGLE,0,0,ILLUMINA,Illumina HiSeq 2000,SRP090633,PRJNA344898,2,344898,SRS1719648,SAMN05852460,simple,9606,Homo sapiens,GSM2332533,,,,,,,no,,,,,GEO,SRA481033,,public,360DBB5823A1A8EE62AA353CF29336C2,9004DA2FC6331C08FCD8B592F778E724
SRR4305647,2016-12-09 15:56:32,2016-09-29 16:31:16,4000000,200000000,0,50,75,,https://sra-downloadb.be-md.ncbi.nlm.nih.gov/sos12/sra-pub-zq-1211/SRR004/305/SRR4305647/SRR4305647.sralite.1,SRX2199859,,RNA-Seq,cDNA,TRANSCRIPTOMIC,SINGLE,0,0,ILLUMINA,Illumina HiSeq 2000,SRP090633,PRJNA344898,2,344898,SRS1719648,SAMN05852460,simple,9606,Homo sapiens,GSM2332533,,,,,,,no,,,,,GEO,SRA481033,,public,DC139A3FD78EBE3C0DA0E1DC7AC6D036,9B5B414B6765B92978FBF8D9E5808318
SRR4305648,2016-12-09 15:56:32,2016-09-29 16:30:58,3491898,174594900,0,50,66,,https://sra-downloadb.be-md.ncbi.nlm.nih.gov/sos12/sra-pub-zq-1214/SRR004/305/SRR4305648.sralite.1,SRX2199859,,RNA-Seq,cDNA,TRANSCRIPTOMIC,SINGLE,0,0,ILLUMINA,Illumina HiSeq 2000,SRP090633,PRJNA344898,2,344898,SRS1719648,SAMN05852460,simple,9606,Homo sapiens,GSM2332533,,,,,,,no,,,,,GEO,SRA481033,,public,E4461AFD698760B4C59AA4B22CB3B50A,764259FAF3E9379350D8A7309BC06123
SRR4305649,2016-12-09 15:56:32,2016-09-29 16:31:17,4000000,200000000,0,50,75,,https://sra-downloadb.be-md.ncbi.nlm.nih.gov/sos12/sra-pub-zq-1211/SRR004/305/SRR4305649/SRR4305649.sralite.1,SRX2199860,,RNA-Seq,cDNA,TRANSCRIPTOMIC,SINGLE,0,0,ILLUMINA,Illumina HiSeq 2000,SRP090633,PRJNA344898,2,344898,SRS1719647,SAMN05852459,simple,9606,Homo sapiens,GSM2332534,,,,,,,no,,,,,GEO,SRA481033,,public,EE3FF0B7C229E706B7D2FBC7C56E0906,7A05969EE4C4A42FF4FB716A88E6834F
SRR4305650,2016-12-09 15:56:32,2016-09-29 16:31:14,4000000,200000000,0,50,75,,https://sra-downloadb.be-md.ncbi.nlm.nih.gov/sos12/sra-pub-zq-1214/SRR004/305/SRR4305650.sralite.1,SRX2199860,,RNA-Seq,cDNA,TRANSCRIPTOMIC,SINGLE,0,0,ILLUMINA,Illumina HiSeq 2000,SRP090633,PRJNA344898,2,344898,SRS1719647,SAMN05852459,simple,9606,Homo sapiens,GSM2332534,,,,,,,no,,,,,GEO,SRA481033,,public,103C571DE781A8081529C17870B32572,50E06502DE16B0AA4469B1B21F12CB6F
SRR4305651,2016-12-09 15:56:32,2016-09-29 16:31:17,4000000,200000000,0,50,75,,https://sra-downloadb.be-md.ncbi.nlm.nih.gov/sos12/sra-pub-zq-1211/SRR004/305/SRR4305651/SRR4305651.sralite.1,SRX2199860,,RNA-Seq,cDNA,TRANSCRIPTOMIC,SINGLE,0,0,ILLUMINA,Illumina HiSeq 2000,SRP090633,PRJNA344898,2,344898,SRS1719647,SAMN05852459,simple,9606,Homo sapiens,GSM2332534,,,,,,,no,,,,,GEO,SRA481033,,public,D2663DDDA180C19B2E9900A31E73867D,F6516BE7B83BFE4F501F73CF1EC1B5B4
SRR4305652,2016-12-09 15:56:32,2016-09-29 16:31:13,1749898,87494900,0,50,33,,https://sra-downloadb.be-md.ncbi.nlm.nih.gov/sos12/sra-pub-zq-1211/SRR004/305/SRR4305652/SRR4305652.sralite.1,SRX2199860,,RNA-Seq,cDNA,TRANSCRIPTOMIC,SINGLE,0,0,ILLUMINA,Illumina HiSeq 2000,SRP090633,PRJNA344898,2,344898,SRS1719647,SAMN05852459,simple,9606,Homo sapiens,GSM2332534,,,,,,,no,,,,,GEO,SRA481033,,public,21BDAAFACA9BA699D1684F39880B57F8,6F13AA92DD4AFED181A8C4191E872D73
